,Title,Release Date,Team,Rating,Times Listed,Number of Reviews,Genres,Summary,Reviews,Plays,Playing,Backlogs,Wishlist,URL
0,Elden Ring,25-Feb-22,"['Bandai Namco Entertainment', 'FromSoftware']",4.5,3.9K,3.9K,"['Adventure', 'RPG']","Elden Ring is a fantasy, action and open world game with RPG elements such as stats, weapons and spells. Rise, Tarnished, and be guided by grace to brandish the power of the Elden Ring and become an Elden Lord in the Lands Between.","[""The first playthrough of elden ring is one of the best eperiences gaming can offer you but after youve explored everything in the open world and you've experienced all of the surprises you lose motivation to go exploring on repeat playthroughs which takes a lot away from the replayability which is a very important thing for from games imo."", 'a replay solidified my love for elden ring. so easily my favorite game of all time. actually beating malenia this time was also an amazing feeling. i just love being in this world man its the greatest of all time', 'The game is absolutely beautiful, with so much to do. The replayability is crazy. And it never gets old with it too.', 'Took everything great about the Soulsborne games and make it 100% better.', 'I play with my overlevelled friend every time and we still fail sometimes (he‚Äôs on NG6), insanely difficult game lol\n                     \n                     gorgeous graphics, animations, everything about this game is so beautiful. deserves all the hype it gets. If you have a powerful enough pc I definitely recommend you play it on there, if you use keyboard, you‚Äôll want to change the keybinds because the defaults are ass.', ""Tied as my favorite souls game with Bloodborne, truly one I'll keep coming back too.""]",17K,3.8K,4.6K,4.8K,https://www.ign.com/games/elden-ring
1,Hades,10-Dec-19,['Supergiant Games'],4.3,2.9K,2.9K,"['Adventure', 'Brawler', 'Indie', 'RPG']","A rogue-lite hack and slash dungeon crawler in which Zagreus, son of Hades the Greek god of the dead, attempts to escape his home and his oppressive father by fighting the souls of the dead through the various layers of the ever-shifting underworld, while getting to know and forging relationships with its inhabitants.","['convinced this is a roguelike for people who do not like the genre. The art is technically good but the aesthetic does very little for me, too clean or something. idk wish I liked it but I do not', 'incredible art, a banger soundtrack a surprisingly charming storyline and a big red dog. hades has very smooth gameplay but after playing it for a while it just feels like youre doing the same 3 hit combo ove and over again, which dont get me wrong that combo feels great to do but once i becomes muscle memory you kinda go into autopilot. also i think the boons are cool but i would like to see them change the flow of combat a bit more, there are some cool ones like the grape boon that can change the way you play but most of them are just upgrades that dont really change the gameplay or strategy. other then those 2 small gripes the game is fantastic.', ""People tell me this game gets really really good at some point but i've beaten entire games in the amount of time I gave this game."", 'N√£o sou muito de jogo indie, admito que joguei poucos, mas devo dizer que Hades foi um dos melhores jogos que joguei na vida, facilmente no top 15. Toda sua arte, dublagem, gameplay, carisma dos personagens, √© tudo incrivel', ""I can't shake the feeling that I am thoroughly bored playing Hades. I've picked up Hades three times over the last few years, and three times I've found myself putting down the controller after a handful of hours, especially after reaching the third stage, and I couldn't figure out why it wasn't working for me. After giving it a few good goes, I've finally managed to pin down what it is that just doesn't click for me about Hades."", 'One of my favorites in the rogue-likes/lites, only being beat by binding of Isaac. I love the characters (Thanatos my beloved) and the writing and the art style and RRRAAAAHHH THIS GAME IS AWESOME']",21K,3.2K,6.3K,3.6K,https://www.ign.com/games/hades
2,The Legend of Zelda: Breath of the Wild,3-Mar-17,"['Nintendo', 'Nintendo EPD Production Group No. 3']",4.4,4.3K,4.3K,"['Adventure', 'RPG']","The Legend of Zelda: Breath of the Wild is the first 3D open-world game in the Zelda series. Link can travel anywhere and be equipped with weapons and armor found throughout the world to grant him various bonuses. Unlike many games in the series, Breath of the Wild does not impose a specific order in which quests or dungeons must be completed. While the game still has environmental obstacles such as weather effects, inhospitable lands, or powerful enemies, many of them can be overcome using the right method. A lot of critics ranked Breath of the Wild as one of the best video games of all time.","['This game is the game (that is not CS:GO) that I have played the most ever. I have played this game for 400 hours.', ""A really good switch game, however didn't really grip me like mario odyssey"", ""i was very disappointed by the final boss fight, but the rest of the game is so good it makes me not want to even do the final boss fight anyway just so i can play more of the game. i do wish that there were more unique mechanics in combat besides just parrying and link's flurry rush, but the world is really pretty and actually incentivizes exploring it. characters are great, story is great and makes you work for it, and there's tons of hidden secrets and details."", 'em 105 horas de jogo n√£o houve um segundo que eu n√£o tava me divertindo e eu acho que isso diz muito', 'Sencillamente el mejor juego que he tenido el placer de disfrutar, esper√© 5 a√±os para poder jugarlo y puedo decir que vali√≥ cada segundo la espera. No estoy ni cerca de conseguir el 100%, tengo mas de 100 horas y a√∫n estoy descubriendo cosas nuevas. Va m√°s all√° de un simple juego, es una experiencia que lamentablemente solo se puede vivir una vez en la vida y la recomiendo totalmente.', 'em meio a tanto jogo de mundo aberto ruim saindo por a√≠ na √∫ltima d√©cada, acho que da pra entender porque breath of the wild chocou tanto as pessoas no ano em que ele lan√ßou. E realmente eu acho que √© o melhor mundo aberto que eu j√° joguei at√© hoje, explorar cada pedacinho desse mundo √© T√ÉO GOSTOSO, parece que tudo aqui t√° no mapa tem um prop√≥sito para estar l√°, diferente dos mapas vazios da ubisoft por exemplo. Acho que o unico defeito √© esses sistema chatinho de durabilidade das armas, ficar trocando de arma o tempo todo √© t√£o chato, espero que no pr√≥ximo n√£o tenha.']",30K,2.5K,5K,2.6K,https://www.ign.com/games/the-legend-of-zelda-breath-of-the-wild
3,Undertale,15-Sep-15,"['tobyfox', '8-4']",4.2,3.5K,3.5K,"['Adventure', 'Indie', 'RPG', 'Turn Based Strategy']","A small child falls into the Underground, where monsters have long been banished by humans and are hunting every human that they find. The player controls the child as they try to make it back to the Surface through hostile environments, all the while engaging with a turn-based combat system with puzzle-solving and bullet hell elements, as well as other unconventional game mechanics.","['soundtrack is tied for #1 with nier automata.  a super charming story and characters which have become iconic. and all that made by 1 man. thats it, thats the review i have no criticisms', 'Just play this game, Dont look at any of these reviews, just pick the game up and know nothing else about it if you are one of the lucky ones that didnt get spoiled on the game. It will fucking break you in the best of ways', 'N√£o h√° palavras que deem para descrever a experi√™ncia que foi esse jogo.', 'CLASSSSSSSSSSSSSSSICCCCCCCCCCCCCCCCCCC', 'whooaa ohh ohhhh ohoohhohh ohhwooaah story of undertale', 'A nice unique take on the RPG indie game format by incorporating really good ideas, funny interactions, an incredibly subtle story, and wonderful music. Definitely a must play if you have not already.']",28K,679,4.9K,1.8K,https://www.ign.com/games/undertale
4,Hollow Knight,24-Feb-17,['Team Cherry'],4.4,3K,3K,"['Adventure', 'Indie', 'Platform']","A 2D metroidvania with an emphasis on close combat and exploration in which the player enters the once-prosperous now-bleak insect kingdom of Hallownest, travels through its various districts, meets friendly inhabitants, fights hostile ones and uncovers the kingdom's history while improving their combat abilities and movement arsenal by fighting bosses and accessing out-of-the-way areas.","[""this games worldbuilding is incredible, with its amazing soundtrack and gorgeous art direction it really makes you feel like you're spiderman.  one of the best value in gaming tbh, this game is packed full of content and none of it feels like filler. even the boss rush manages to feel fresh by introducing some surprise bosses/boss variants as rewards for beating tough pantheons. cant wait to play silksong when i turn 80!"", ""This isn't just a game, this is an entire experience.\n                     \n                     I was not too much into Metroidvania games and then I tried this without any expectation, it became one of my favorite games of all time and brought me into the genre, now I'm seeking for similar adventures and I can't wait for Silksong.\n                     \n                     I've done all 112% in my first run and now I'm beating the game again, then I'll aim to master the game on Steam, and this is the first time a game instigated me to do that. Masterpiece."", 'Faz uns 2/3 anos que eu zerei esse jogo, mesmo assim nunca saiu da minha mem√≥ria.\n                     \n                     Vou rejogar para fazer uma an√°lise mais aprofundada', 'i like how you can bounce on spikes with your nail. a good casual game that offers additional challenges for people that are socially challenged', 'A rivetting action/adventure game with a stunning design. Extremely rewarding but also gruesomly difficult at times.', 'I\'d give this game a 4 for each individual aspect (platforming, exploration, combat) but the integration and packaging of the content are so good, it\'s slightly better that the sum of its parts. Most of the combat and traversal abilities feel useful, and many evoke that Super Metroid-y, gleeful feeling that you\'ll finally be able to access that new area, grab that item, or beat that boss. The end-game challenges, reminiscent of Wiley\'s fortress and boss rushes after Megaman has fully self-actualized, were the highlight. Boss rushes in particular were fun to dissect and master. I found uses for some charms I had written off as ""not my style"" to counter some of the unconventional boss mechanics. My only gripes:\n                     \n                     -The repeated backtracking. I get it - a fast-travel mechanic that\'s too liberal can erase the environment, but this was excessive.\n                     \n                     -Some of the charms seemed worthless, even after strategizing for boss, combat, and platforming rushes.\n                     \n                     -In the name of decency and civility, make geo-sucking ability automatic.']",21K,2.4K,8.3K,2.3K,https://www.ign.com/games/hollow-knight
5,Minecraft,18-Nov-11,['Mojang Studios'],4.3,2.3K,2.3K,"['Adventure', 'Simulator']","Minecraft focuses on allowing the player to explore, interact with, and modify a dynamically-generated map made of one-cubic-meter-sized blocks. In addition to blocks, the environment features plants, mobs, and items. Some activities in the game include mining for ore, fighting hostile mobs, and crafting new blocks and tools by gathering various resources found in the game. The game's open-ended model allows players to create structures, creations, and artwork on various multiplayer servers or their single-player maps. Other features include redstone circuits for logic computations and remote actions, minecarts and tracks, and a mysterious underworld called the Nether. A designated but completely optional goal of the game is to travel to a dimension called the End, and defeat the ender dragon.","['Minecraft is what you make of it. Unfortunately theres no reason to do anything.', 'muito bom, vc pode construir, usar sua imagina√ß√£o, mods, sobreviver, jogar multiplayer e at√© zerar o jogo! minecraft √© um jogo incr√≠vel e fica melhor a cada atualiza√ß√£o, (nunca zerei mesmo depois de muitos anos)', 'Jogo incr√≠vel, muito divertido, e com amigos fica ainda mais legal.', 'baby gammeeee üò≠\n                     \n                     had the most fun playing when it was first released sory\n                     \n                     still fun for a couple of hours when playing with people tho! üòÅ', '–ú–∞–π–Ω–∫—Ä–∞—Ñ—Ç —Å—É–∫–∞ —ç—Ç–æ –º–æ—è –∂–∏–∑–Ω—å –±–ª—è–¥—å! –ú–ê–ô–ù–ö–†–ê–ê–ê–ê–§–¢!!! –û–π, –º–∞–º–∞ –ø—Ä–∏—à–ª–∞.', 'E um game maneiro mais jogar ele sem amigos ou sem mods √© meio chato']",33K,1.8K,1.1K,230,https://www.ign.com/games/minecraft
6,Omori,25-Dec-20,"['OMOCAT', 'PLAYISM']",4.2,1.6K,1.6K,"['Adventure', 'Indie', 'RPG', 'Turn Based Strategy']","A turn-based surreal horror RPG in which a child traverses various mundane, quirky, humourous, mysterious and horrific lands with his friends in search of a missing person while confronting his past and his fears. Explore a strange world full of colorful friends and foes. When the time comes, the path you‚Äôve chosen will determine your fate... and perhaps the fate of others as well.","[""The best game I've played in my life"", ""omori is a game held up by it's heartbreaking, emotional story and lifelike characters, and ultimately let down by lackluster battle mechanics and a gimmicky otherworld."", 'I FUCKING LOVE AIR CONDITIONING.', 'didnt close my eyes', 'Still not finished but loving the game', 'One of my favorite games of all time, it definitely has flaws with it\'s pacing (god I fucking hate sweetheart\'s castle section) but the twist and just overall the characters are so likeable and well written like Aubrey, Kel and Hero...I don\'t really care too much about Sunny but he\'s alright I guess, gets the job done. I feel basil could definitely use some more screentime, the guy rarely gets any in the real world section of the game. The writing is pretty good too though I\'m not a fan of the ""le quirky random indie game writing xdddd"" like this game has but there were times where it did make me chuckle.']",7.2K,1.1K,4.5K,3.8K,https://www.ign.com/games/omori
7,Metroid Dread,7-Oct-21,"['Nintendo', 'MercurySteam']",4.3,2.1K,2.1K,"['Adventure', 'Platform']","Join intergalactic bounty hunter Samus Aran in her first new 2D Metroid story in 19 years. Samus‚Äô story continues after the events of the Metroid Fusion game when she descends upon planet ZDR to investigate a mysterious transmission sent to the Galactic Federation. The remote planet has become overrun by vicious alien lifeforms and chilling mechanical menaces. Samus is more agile and capable than ever, but can she overcome the inhuman threat stalking the depths of ZDR?","['Have only been a Metroid fan for couple of years but I think this was worth the 19 year wait', 'The most unexpected Nintendo release of 2021, a pretty good offering by Mercury Steam, while some ideas are questionable like these invulnerable bosses that need to be avoided, they do add up to the tension. The final boss is unforgiving and punishes hard.', ""The best 2D metroid has been. The art design in this one pops out so much, you'll remember distinct areas for later. The abilities are so fast in this one, and some puzzles require some strong thinking even knowing where the item locations are."", 'there was nothing dreadful about this game... nothing!', 'context sensitive grappling hooks are a hatecrime', 'This is by far the best 2D Metroid. Not only is the game loop refined but the cinematics and story really surprised me. Samus exudes badass every moment shes on screen.  A must play. Also the bosses are god damn brutal compared to previous Metroids.']",9.2K,759,3.4K,3.3K,https://www.ign.com/games/metroid-dread
8,Among Us,15-Jun-18,['InnerSloth'],3,867,867,"['Indie', 'Strategy']","Join your crew-mates in a multiplayer game of teamwork and betrayal! Play with 4-15 players online or via local WiFi as you attempt to prepare your spaceship for departure, but beware as one or more random players among the Crew are Impostors bent on killing everyone!","[""it's a solid party game. i'm bad at lying though and it makes me feel bad; not a complaint with the game, it's a complaint with myself that makes it harder for me personally to enjoy"", '‡∂û amogus', 'lie to your friends simulator', 'Amogus', 'I vote we just shoot Wawa into space and see what happens.', 'ya, i beat among us, what about it']",25K,470,776,126,https://www.ign.com/games/among-us
9,NieR: Automata,23-Feb-17,"['PlatinumGames', 'Square Enix']",4.3,2.9K,2.9K,"['Brawler', 'RPG']","NieR: Automata tells the story of androids 2B, 9S and A2 and their battle to reclaim the machine-driven dystopia overrun by powerful machines.","['Holy shit', 'im carrying the weight of the wooooooooooooooooooorld', 'no me llamaba la atenci√≥n y lo compr√© por el precio y un cacho de curiosidad... me volvi√≥ totalmente loco todo, la historia, el arte, el mundo  y la BANDA SONORA SEXO', 'üòãüòçü•∞ü•µ', 'NieR: Automata is an unforgettable game. Androids vs. Machines, all while trying to save humanity, and uncover the cold truth of this post-apocalyptic world. 2B and 9S share a common goal, but have differing views through the story. The combat is more fleshed out than its predecessor due to chips and pod mechanics. Characters change and face reality after meeting characters and concepts never seen before.', 'This is my favorite game ever and the only game I cared enough about to get the platinum trophy in. I might be biased here but the game has a lot of things I loved going in like the post apocalyptic setting. The game isn‚Äôt perfect and while things like the 9s hacking and route b pushed a lot of people away I still thoroughly enjoyed it. Getting ending s and the final shut em up section in the credits ending with me giving up my save file to protect a fellow player is one of the most beautiful moments I‚Äôve seen in fiction as a whole']",18K,1.1K,6.2K,3.6K,https://www.ign.com/games/nier-automata
10,Persona 5 Royal,31-Oct-19,"['Atlus USA', 'Atlus']",4.4,2.7K,2.7K,"['Adventure', 'RPG', 'Turn Based Strategy']",An enhanced version of Persona 5 with some new characters and a third semester added to the game. Released Internationally in 2020.,"['Verdadeiro goty 2017, zelda √© o caralho. Vai tomar no cu, Ryuji', ""This game is great, and to many people this is probably one of the greatest JRPGs if not, overall game of all time. I see that 100%, but I personally have my nitpicks with it, such as:\n                     \n                     -The pacing of the game\n                     \n                     -The fact it only gets good 30-40 hours into the game\n                     \n                     -The fact that essential, strategic, and most importantly, fun mechanics are locked behind confidants such as switching your party mid-battle\n                     \n                     -The lack of freedom to do what you want\n                     \n                     -Similar to SMT IV/IV:A (and maybe other SMT/Persona games, idk) they sell DLC for super powerful personas. In SMTIV at least, these were entirely optional and you had to purchase them. In Persona 5 Royal, they included the DLC, which again, I could ignore if they are optional, but I can't. Unlike in pervious games, there are legitimate fusions using legitimate personas that allow you to straight-up just get these P2W personas naturally, which I absolute fathom and throws the balance of the game out the window.\n                     \n                     -And more importantly, the entirety of Kasumi's character pre-third semester (I want to punch her)"", 'Vanilla was my first persona and smt game. Kinda feels like coming home whenever i play it', 'If you have a spare 100 hours lying around do this, was pretty good (4 better tho)', 'i love goro akechi', ""Played like 50 hrs, I guess finished half or two-thirds of it? Cannot say I didn't like Persona 5 at all but this sort of infantile fleur around the characters and situations got me at last. I played some SMT games and they seemed much more sophisticated and thoughtful (especially the 4th). However, I cannot say that Persona 5 is a bad game, although my experience with it was a bit rough. I had this state of waiting for something, like 5-10 hours more, and something incredible would happen for sure, characters pull off some weird moves and the real Persona (the one everyone is so hyped up about) would begin... Never happened. Might finish it sometime later tho, whenever vibes come back.""]",12K,2.3K,5.1K,3K,https://www.ign.com/games/persona-5-royal
11,Stray,19-Jul-22,"['BlueTwelve Studio', 'Annapurna Interactive']",3.7,1.5K,1.5K,"['Adventure', 'Indie']","Lost, alone, and separated from family, a stray cat must untangle an ancient mystery to escape a long-forgotten cybercity and find the way home.","['Press B to Meow', 'like, nya?', 'You are a cat, thats all.', 'There‚Äôs no way an orange cat could be this smart', 'JOGO DO BK', 'CAT CAT CAT CAT CAT CAT CAT']",7.7K,801,2.5K,3.4K,https://www.ign.com/games/stray
12,God of War,20-Apr-18,"['Sony Interactive Entertainment', 'SIE Santa Monica Studio']",4.2,2.9K,2.9K,"['Adventure', 'Brawler', 'RPG']","God of War is the sequel to God of War III as well as a continuation of the canon God of War chronology. Unlike previous installments, this game focuses on Norse mythology and follows an older and more seasoned Kratos and his son Atreus in the years since the third game. It is in this harsh, unforgiving world that he must fight to survive‚Ä¶ and teach his son to do the same.","['freya te vejo como figura materna', 'i ruv !', 'One of the greatest games i have ever played.', 'Whenever I think about this game epic Norse music plays in my head', 'God Of War is a game that understands its audience. Kratos is now as tired and old as all of us who played the original games back on the PS2.', 'One of the best games of the Ps4 generation, that game changes the style of GOW saga, and It hits in the middle of the target...It s a master piece. The story s deep, imersive, and the world of that GOW s so Vivid and Beautiful. I m not sure If the New gameplay s an upgrade, but It s enjoyable.\n                     \n                     9,6']",21K,1.1K,4.8K,2.6K,https://www.ign.com/games/god-of-war
13,Portal 2,18-Apr-11,"['Valve', 'Electronic Arts']",4.4,2.9K,2.9K,"['Adventure', 'Platform', 'Puzzle', 'Shooter']","Sequel to the acclaimed Portal (2007), Portal 2 pits the protagonist of the original game, Chell, and her new robot friend, Wheatley, against more puzzles conceived by GLaDOS, an A.I. with the sole purpose of testing the Portal Gun's mechanics and taking revenge on Chell for the events of Portal. As a result of several interactions and revelations, Chell once again pushes to escape Aperture Science Labs.","['This is my fav game of all time, everything about it is amazing', 'soy muy tonto, scar tissue como dicen los chavales de ahora', 'nostalgia', 'Thought Portal was good? This game is beyond that. This game adds a full narrative with characters, and I guarantee hearing banter between Wheatley, Glad0s, and Cave Johnson (J.K. Simmons!!!) Is far better than anything heard today.', 'Juegarral. Me encanta como extiende el lore de Aperture laboratories. Puzles buenisimos y de los mejores cooperativos', ""Top 20 games ever. This game made realize i love puzzle games (even if I'm bad at them)""]",29K,471,3.9K,1.2K,https://www.ign.com/games/portal-2
14,Bloodborne,24-Mar-15,"['FromSoftware', 'Sony Computer Entertainment']",4.5,3.4K,3.4K,"['Adventure', 'RPG']","An action RPG in which the player embodies a Hunter who, after being transfused with the mysterious blood local to the city of Yharnam, sets off into a ""night of the Hunt"", an extended night in which Hunters may phase in and out of dream and reality in order to thin the outbreak of abominable beasts that plague the land and, for the more resilient and insightful Hunters, uncover the answers to the Hunt's many mysteries.","[""I'm not trying to brag, but Bloodborne wasn't much of a challenge for me. The beginning was a little hard, since Bloodborne's mechanics are quite different compared to the Dark Souls trilogy, but a few tries and deaths are enough for someone to get used to the way you play."", 'My favourite in the Soulsborne series.', 'I have a very conflicting opinion of this game that may require me to go back for another playthrough.', 'brilliant, incredible, amazing, show stopping, spectacular.', 'Perfect', 'The Greatest Game Of All Time.']",17K,1.1K,5.6K,3.3K,https://www.ign.com/games/bloodborne
15,Celeste,25-Jan-18,"['Extremely OK Games', 'Maddy Makes Games']",4.2,2.8K,2.8K,"['Adventure', 'Indie', 'Platform']","Help Madeline survive her inner demons on her journey to the top of Celeste Mountain, in this super-tight platformer from the creators of TowerFall. Brave hundreds of hand-crafted challenges, uncover devious secrets, and piece together the mystery of the mountain.","['video games.', 'My absolute favorite platformer', 'im bad at platforming', 'Muito maneiro, personagens cativantes e o p√≥s-jogo chega muitas vezes at√© a ser mais divertido (para quem gosta de desafio)', 'one of the, imo, best gaming experiences you can find to this day, the dialouge is adorable and heartfelt, the music is utterly stunning, and the gameplay and level design is that perfect mix of challenging and fun where you sit there for hours just wanting to complete that one jump, doing it over and over, and when you do complete it, you feel so proud of yourself', 'i ""beat"" the game...']",20K,1.2K,5.9K,2K,https://www.ign.com/games/celeste
16,Yakuza 0,12-Mar-15,"['Ry≈´ Ga Gotoku Studios', 'Sega']",4.4,2.7K,2.7K,"['Adventure', 'Brawler', 'RPG', 'Simulator']","The glitz, glamour, and unbridled decadence of the 80s are back! Yakuza 0 is a prequel set in 1988 to the Yakuza series, taking place before the first game. Fight like hell through Tokyo and Osaka with protagonist Kazuma Kiryu and series regular Goro Majima. Play as Kazuma Kiryu and discover how he finds himself in a world of trouble when a simple debt collection goes wrong and his mark winds up murdered. Then, step into the silver-toed shoes of Goro Majima and explore his ‚Äúnormal‚Äù life as the proprietor of a cabaret club.","['THIS IS PEAK IT IS ONE OF MY FAVORITE GAMES ITS SO GOOD NOT ONLY IS THE STORY AMAZING BUT SIDE CONTENT MAKES THE GAME FEEL LIKE A REAL WORLD', 'Simply.......Yakuza 0', 'yan g√∂rev sunumlarƒ± rezalet', 'I wish Japan was real', ""Super enjoyed this game, loved the story and the characters, and the entire vibe of it. The combat didn't super click with me, but i still had fun beating up enemies and even more fun beating up story characters"", 'This game got me back into playing single-player games and I am eternally grateful for that.']",15K,1.8K,6.4K,2K,https://www.ign.com/games/yakuza-0
17,Red Dead Redemption 2,26-Oct-18,"['Take-Two Interactive', 'Rockstar Games']",4.4,2.9K,2.9K,"['Adventure', 'RPG', 'Shooter']","Red Dead Redemption 2 is the epic tale of outlaw Arthur Morgan and the infamous Van der Linde gang, on the run across America at the dawn of the modern age.","['overrated as fuck', 'I wanna be a cowwwboyyyy, baby...', 'shoutout rockstar', 'Sacrifices fun for the sake of realism', 'First playthrough was an incredible experience.', 'Dutch has a plan']",19K,1.7K,5.5K,2.9K,https://www.ign.com/games/red-dead-redemption-2
18,Portal,10-Oct-07,"['Valve', 'Electronic Arts']",4.1,2K,2K,"['Platform', 'Puzzle', 'Shooter']","Waking up in a seemingly empty laboratory, the player is made to complete various physics-based puzzle challenges through numerous test chambers in order to test out the new Aperture Science Handheld Portal Device, without an explanation as to how, why or by whom.","['did somebody say CLASSSSICCCC', ""Portal's desolate labs with mind-bending puzzles are unforgettable. The concept of portals themselves are strange, but put into gameplay loops really force you to think (with portals)."", ""genuinely fun puzzle game that makes me realize my IQ is in fact negative, but that won't stop me from drinking all of the poison goo. what's it gonna do? block my path now? i already drank it all."", 'there‚Äôs cake at the end!', 'im ngl i got stuck like at least 5 times', 'Why do both portal games end in a song']",28K,244,2.7K,1.1K,https://www.ign.com/games/portal
19,Super Mario Odyssey,27-Oct-17,['Nintendo'],4.2,2.9K,2.9K,"['Adventure', 'Platform']","Explore incredible places far from the Mushroom Kingdom as you join Mario and his new ally Cappy on a massive, globe-trotting 3D adventure. Use amazing new abilities, like the power to capture and control objects, animals, and enemies to collect Power Moons so you can power up the Odyssey airship and save Princess Peach from Bowser‚Äôs wedding plans!","[""A really great game, just didn't stick out as much as it's predecessor 64"", 'Inspiring how Mario can feel so fresh and original after so many years.', 'i played this game SO many times i dont ever wanna touch it again', 'I mean objectively the best Mario game I just like Galaxy more', 'Yeah, Mario games HIT', 'The first 3D Mario game I have truly loved and completed 100%. The near-perfection of an already glorious formula.']",25K,710,2.9K,2K,https://www.ign.com/games/super-mario-odyssey
20,Pok√©mon Legends: Arceus,28-Jan-22,"['Nintendo', 'Game Freak']",3.7,1.6K,1.6K,"['Adventure', 'RPG', 'Turn Based Strategy']","The Pok√©mon Legends: Arceus game honors past Pok√©mon games‚Äô core gameplay while infusing new action and RPG elements.
             

              You‚Äôll need to catch, survey, and research wild Pok√©mon in a long-gone era of the Sinnoh region to create and complete the region‚Äôs first Pok√©dex.","['The more mature story (by recent Pok√©mon standards) , lore ramifications for sinnoh , and the amazing real time catch mechanics make this game one of the best Pok√©mon games ever easily ;though a good Pok√©mon is still far from being a good video game generally speaking . The textures are muddy , the levels especially alabaster Icelands and cobalt coastlands feel janky and overly linear despite the game encouraging more mobile movement and freedom , and of course the lack of meaningful presentation through stiff character animations and lack of voice acting hurt this game alot. I still feel like Pok√©mon gameplay has peaked here but they just don‚Äôt let these games cook long enough and only get away with it because Pok√©mon fans only play Pok√©mon and don‚Äôt branch out to know what‚Äôs actually good', 'Really refreshing take on the series, just a little empty overall.', ""Great game! but it would be better if there was voice acting and no sudden cutscenes every 2 seconds. And it gets pretty bad as you play it. But if you're finding a good first Pokemon game, I would recommend it tho!"", 'Aside from obvious performance issues, this was easily the most fun ive had with the Pokemon series since the release of Black/White. i hope we get a follow up game in the future that focuses on the unova region and kyurem', ""Put me in feudal japan with an Iphone and I probably wouldn't get as far as I did here"", 'PLA: the best Pok√©mon game I‚Äôve ever played and why I‚Äôll (probably) never play another Pok√©mon game in my life']",9.1K,1.6K,2.5K,2.1K,https://www.ign.com/games/pokemon-legends-arceus
21,Hi-Fi Rush,25-Jan-23,"['Tango Gameworks', 'Bethesda Softworks']",4.3,926,926,"['Adventure', 'Brawler', 'Music', 'Platform']","As wannabe rockstar Chai, you‚Äôll fight back against a sinister robotics enhancement conglomerate using rhythm-amplified combat where everything ‚Äì from the motion in the environment to the blows of combat ‚Äì is synced to the music.","['It was a great game all round ending felt a little rushed', 'M√∫sica', 'Bardzo przyjemny gameplay, a≈º noga sama wybija rytm. ≈öwietny humor krytykujƒÖcy korporacje i korpo≈ºyciƒô.', 'A whole lot of soul put into this game, forgot how much I really loved hack and slash and especially a rhythm musical at the top of it makes it extremely fun, was a pretty cool story with a fun cast. Overall a banger of a game and definitely favorites of the year.', 'isso aqui √© um ABSURDO', 'This game came out of no where and I felt like it hit me like a sucker punch from a professional boxer. I always have a soft spot for a good rhythm game and Hi-Fi Rush hits that spot just right.']",3K,866,1.5K,2K,https://www.ign.com/games/hi-fi-rush
22,Metal Gear Rising: Revengeance,19-Feb-13,"['Konami', 'PlatinumGames']",4.1,2.1K,2.1K,"['Adventure', 'Brawler', 'Shooter', 'Strategy']","Developed by Kojima Productions and PlatinumGames, Metal Gear Rising: Revengeance takes the renowned Metal Gear franchise into exciting new territory with an all-new action experience. The game seamlessly melds pure action and epic story-telling that surrounds Raiden ‚Äì a child soldier transformed into a half-human, half-cyborg ninja who uses his High Frequency katana blade to cut through any thing that stands in his vengeful path!
             

              A huge success on both Xbox 360 and PlayStation3, Metal Gear Rising: Revengeance comes to PC with all the famed moves and action running within a beautifully-realized HD environment.
             

              This new PC version includes all three DLC missions: Blade Wolf, Jetstream, and VR Missions, in addition to all customized body upgrades for Raiden, including: White Armor, Inferno Armor, Commando Armor, Raiden‚Äôs MGS4 body, and the ever-popular Cyborg Ninja.
             

              ""CUTSCENES"" option added to the Main Menu. Play any and all cutscenes.
             

              ""CODECS"" option added to the Main Menu. Play all and any codec conversation scenes.
             

              Menu option added to the CHAPTER Menu enabling user to play only the Boss battles.
             

              ""GRAPHIC OPTIONS"" added to the OPTIONS Menu. Modify resolution, anti-aliasing, etc.
              
              There is an option reading ""ZANGEKI"" that will modify the amount of cuts you can make.","['This game is so jank but so entertaining', 'RULES OF NATURE', 'Metal Gear Rising: Revengeance Review - Memes, Raiden. Memes.', 'Quando ganhei meu Xbox 360 em 2014 esse jogo veio junto e meu Deus, eu joguei essa baga√ßa minha vida inteira e ainda jogo at√© hoje. Lembro de na √©poca ningu√©m gostar tanto do jogo principalmente por fugir muito do resto da franquia mas mano √© um spin off t√° ligado? Sei que √© meio chato ver sua franquia mudando mas a maestria que esse jogo faz junto com a continua√ß√£o da hist√≥ria do Raiden (que j√° era um personagem n√£o muito gostado e mais um motivo pra n√£o gostarem do jogo) faz ele ser um dos jogos mais importantes pra mim. Espero um dia platinar mas se eu n√£o consegui em 9 anos acho dif√≠cil.', 'brasileiros d√£o pulo duplo', 'Feel like I would have enjoyed this game much more if hack n slash was my kind of game']",14K,492,4.2K,2K,https://www.ign.com/games/metal-gear-rising-revengeance
23,Grand Theft Auto V,17-Sep-13,"['Rockstar North', 'Rockstar Games']",3.8,2.1K,2.1K,"['Adventure', 'Shooter']","Grand Theft Auto V is a vast open world game set in Los Santos, a sprawling sun-soaked metropolis struggling to stay afloat in an era of economic uncertainty and cheap reality TV. The game blends storytelling and gameplay in new ways as players repeatedly jump in and out of the lives of the game‚Äôs three lead characters, playing all sides of the game‚Äôs interwoven story.","['People be rating this a 3.... BITCH BE SERIOUS!', 'incredible spectacle and movie esque cutscenes backed up by memorable characters. inarguably one of the most recognizable games of the decade, however is held back by lackluster gameplay.', 'Bom jogo, importante pra caramba e tudo mais, mas, sinceramente, tantas horas de gameplay me divertiram muito, mas me recepcionaram na hist√≥ria. N√£o que eu eu esperasse algo muito elaborado, mas senti que n√£o foi conclusiva ou evolu√≠sse os personagens. √â divertido, muito mesmo, e a liberdade √© √≥tima. Passei muito tempo jogando t√™nis, dirigindo pelas colinas, fazendo coisas aleat√≥rias, e a experi√™ncia √© √≥tima. Em pleno come√ßo de 2023, talvez n√£o seja l√° grande coisa jogar um jogo assim no sentido de muita coisa legal pra fazer, mas na √©poca era uma baita inova√ß√£o e merece respeito pelo que at√© hoje impressiona.', 'i cannot picture a world where someone gives this less than a 10', 'I really wanted to love this game more. The playing world is stunning with colorful and great recreations of actual locations and landmarks. Having to juggle between 3 characters is a brilliant idea. But I found the story to be a bit lackluster and overall I did not feel as involved with the protagonists as much as I was with the previous game.', 'jogo para desligar o c√©rebro e matar pol√≠cias']",30K,829,3.2K,664,https://www.ign.com/games/grand-theft-auto-v
24,Cyberpunk 2077,9-Dec-20,['CD Projekt RED'],3.3,1.5K,1.5K,"['Adventure', 'RPG', 'Shooter']","Cyberpunk 2077 is an open-world, action-adventure story set in Night City, a megalopolis obsessed with power, glamour and body modification. You play as V, a mercenary outlaw going after a one-of-a-kind implant that is the key to immortality. You can customize your character‚Äôs cyberware, skillset and playstyle, and explore a vast city where the choices you make shape the story and the world around you.","[""It's a game"", 'I love the setting , lore , visuals , and the god tier soundtrack but what I played of the story was just ok and the side content is very dull. I‚Äôm gonna be honest edgerunners baited me into buying this game and it‚Äôs my fault', 'Story is all over the place but still manages to make you feel something. Gameplay is fun but its way too easy to become overpowered.', 'Besides the pretty colors and cool rtx visuals this game falls flat on its face. If this game was like a car it would be a 99 honda civic with $5k rims.', ""I thought I would enjoy the story... I didn't. Everything else is\n                     \n                      ok\n                     \n                     ."", 'Enjoyable! I like it when gun goes bang and vibe be like ""futuristic""']",13K,1.5K,4.7K,2.9K,https://www.ign.com/games/cyberpunk-2077
25,God of War Ragnar√∂k,9-Nov-22,"['Sony Interactive Entertainment', 'SIE Santa Monica Studio']",4.4,1.7K,1.7K,"['Adventure', 'Brawler']","God of War: Ragnar√∂k is the ninth installment in the God of War series and the sequel to 2018's God of War. Continuing with the Norse mythology theme, the game is set in ancient Norway and feature series protagonists Kratos, the former Greek God of War, and his young son Atreus. The game is expected to kick off the events of Ragnar√∂k, where Kratos and Atreus must journey to each of the Nine Realms in search of answers as they prepare for the prophesied battle that will end the world.","['Amazang !', 'Deep storytelling, intense gameplay, beautiful graphics.', ""An amazing sequel to it's previous but I think the pervious game is superior in the story."", 'A sequel to one of the biggest games of 2018 and it‚Äôs BEYOND bloated as hell!', 'GoW 2018 is my second favorite game of all time, right next to the original Half-Life, and this was a big disappointment.', 'Clapped at the end like white people on a plane']",5.3K,801,2K,3.3K,https://www.ign.com/games/god-of-war-ragnarok
,,,,,,,,,,,,,,
,,,,,,,,,,,,,,
,,,,,,,,,,,,,,
,,,,,,,,,,,,,,
,,,,,,,,,,,,,,
,,,,,,,,,,,,,,
,,,,,,,,,,,,,,
,,,,,,,,,,,,,,
,,,,,,,,,,,,,,
,,,,,,,,,,,,,,
,,,,,,,,,,,,,,
,,,,,,,,,,,,,,
,,,,,,,,,,,,,,
,,,,,,,,,,,,,,
,,,,,,,,,,,,,,
,,,,,,,,,,,,,,
,,,,,,,,,,,,,,
,,,,,,,,,,,,,,
,,,,,,,,,,,,,,
,,,,,,,,,,,,,,
,,,,,,,,,,,,,,
,,,,,,,,,,,,,,
,,,,,,,,,,,,,,
,,,,,,,,,,,,,,
,,,,,,,,,,,,,,
,,,,,,,,,,,,,,
,,,,,,,,,,,,,,
,,,,,,,,,,,,,,
,,,,,,,,,,,,,,
,,,,,,,,,,,,,,
,,,,,,,,,,,,,,
,,,,,,,,,,,,,,
,,,,,,,,,,,,,,
,,,,,,,,,,,,,,
,,,,,,,,,,,,,,
,,,,,,,,,,,,,,
,,,,,,,,,,,,,,
,,,,,,,,,,,,,,
,,,,,,,,,,,,,,
,,,,,,,,,,,,,,
,,,,,,,,,,,,,,
,,,,,,,,,,,,,,
,,,,,,,,,,,,,,
,,,,,,,,,,,,,,
,,,,,,,,,,,,,,
,,,,,,,,,,,,,,
,,,,,,,,,,,,,,
,,,,,,,,,,,,,,
,,,,,,,,,,,,,,
,,,,,,,,,,,,,,
,,,,,,,,,,,,,,
,,,,,,,,,,,,,,
,,,,,,,,,,,,,,
,,,,,,,,,,,,,,
,,,,,,,,,,,,,,
,,,,,,,,,,,,,,
,,,,,,,,,,,,,,
,,,,,,,,,,,,,,
,,,,,,,,,,,,,,
,,,,,,,,,,,,,,
,,,,,,,,,,,,,,
,,,,,,,,,,,,,,
,,,,,,,,,,,,,,
,,,,,,,,,,,,,,
,,,,,,,,,,,,,,
,,,,,,,,,,,,,,
,,,,,,,,,,,,,,
,,,,,,,,,,,,,,
,,,,,,,,,,,,,,
,,,,,,,,,,,,,,
,,,,,,,,,,,,,,
,,,,,,,,,,,,,,
,,,,,,,,,,,,,,
,,,,,,,,,,,,,,
,,,,,,,,,,,,,,
,,,,,,,,,,,,,,
,,,,,,,,,,,,,,
,,,,,,,,,,,,,,
,,,,,,,,,,,,,,
,,,,,,,,,,,,,,
,,,,,,,,,,,,,,
,,,,,,,,,,,,,,
,,,,,,,,,,,,,,
,,,,,,,,,,,,,,
,,,,,,,,,,,,,,
,,,,,,,,,,,,,,
,,,,,,,,,,,,,,
,,,,,,,,,,,,,,
,,,,,,,,,,,,,,
,,,,,,,,,,,,,,
,,,,,,,,,,,,,,
,,,,,,,,,,,,,,
,,,,,,,,,,,,,,
,,,,,,,,,,,,,,
,,,,,,,,,,,,,,
,,,,,,,,,,,,,,
,,,,,,,,,,,,,,
,,,,,,,,,,,,,,
,,,,,,,,,,,,,,
,,,,,,,,,,,,,,
,,,,,,,,,,,,,,
,,,,,,,,,,,,,,
,,,,,,,,,,,,,,
,,,,,,,,,,,,,,
,,,,,,,,,,,,,,
,,,,,,,,,,,,,,
,,,,,,,,,,,,,,
,,,,,,,,,,,,,,
,,,,,,,,,,,,,,
,,,,,,,,,,,,,,
,,,,,,,,,,,,,,
,,,,,,,,,,,,,,
,,,,,,,,,,,,,,
,,,,,,,,,,,,,,
,,,,,,,,,,,,,,
,,,,,,,,,,,,,,
,,,,,,,,,,,,,,
,,,,,,,,,,,,,,
,,,,,,,,,,,,,,
,,,,,,,,,,,,,,
,,,,,,,,,,,,,,
,,,,,,,,,,,,,,
,,,,,,,,,,,,,,
,,,,,,,,,,,,,,
,,,,,,,,,,,,,,
,,,,,,,,,,,,,,
,,,,,,,,,,,,,,
,,,,,,,,,,,,,,
,,,,,,,,,,,,,,
,,,,,,,,,,,,,,
,,,,,,,,,,,,,,
,,,,,,,,,,,,,,
,,,,,,,,,,,,,,
,,,,,,,,,,,,,,
,,,,,,,,,,,,,,
,,,,,,,,,,,,,,
,,,,,,,,,,,,,,
,,,,,,,,,,,,,,
,,,,,,,,,,,,,,
,,,,,,,,,,,,,,
,,,,,,,,,,,,,,
,,,,,,,,,,,,,,
,,,,,,,,,,,,,,
,,,,,,,,,,,,,,
,,,,,,,,,,,,,,
,,,,,,,,,,,,,,
,,,,,,,,,,,,,,
,,,,,,,,,,,,,,
,,,,,,,,,,,,,,
,,,,,,,,,,,,,,
,,,,,,,,,,,,,,
,,,,,,,,,,,,,,
,,,,,,,,,,,,,,
,,,,,,,,,,,,,,
,,,,,,,,,,,,,,
,,,,,,,,,,,,,,
,,,,,,,,,,,,,,
,,,,,,,,,,,,,,
,,,,,,,,,,,,,,
,,,,,,,,,,,,,,
,,,,,,,,,,,,,,
,,,,,,,,,,,,,,
,,,,,,,,,,,,,,
,,,,,,,,,,,,,,
,,,,,,,,,,,,,,
,,,,,,,,,,,,,,
,,,,,,,,,,,,,,
,,,,,,,,,,,,,,
,,,,,,,,,,,,,,
,,,,,,,,,,,,,,
,,,,,,,,,,,,,,
,,,,,,,,,,,,,,
,,,,,,,,,,,,,,
,,,,,,,,,,,,,,
,,,,,,,,,,,,,,
,,,,,,,,,,,,,,
,,,,,,,,,,,,,,
,,,,,,,,,,,,,,
,,,,,,,,,,,,,,
,,,,,,,,,,,,,,
,,,,,,,,,,,,,,
,,,,,,,,,,,,,,
,,,,,,,,,,,,,,
,,,,,,,,,,,,,,
,,,,,,,,,,,,,,
,,,,,,,,,,,,,,
,,,,,,,,,,,,,,
,,,,,,,,,,,,,,
,,,,,,,,,,,,,,
,,,,,,,,,,,,,,
,,,,,,,,,,,,,,
,,,,,,,,,,,,,,
,,,,,,,,,,,,,,
,,,,,,,,,,,,,,
,,,,,,,,,,,,,,
,,,,,,,,,,,,,,
,,,,,,,,,,,,,,
,,,,,,,,,,,,,,
,,,,,,,,,,,,,,
,,,,,,,,,,,,,,
,,,,,,,,,,,,,,
,,,,,,,,,,,,,,
,,,,,,,,,,,,,,
,,,,,,,,,,,,,,
,,,,,,,,,,,,,,
,,,,,,,,,,,,,,
,,,,,,,,,,,,,,
,,,,,,,,,,,,,,
,,,,,,,,,,,,,,
,,,,,,,,,,,,,,
,,,,,,,,,,,,,,
,,,,,,,,,,,,,,
,,,,,,,,,,,,,,
,,,,,,,,,,,,,,
,,,,,,,,,,,,,,
,,,,,,,,,,,,,,
,,,,,,,,,,,,,,
,,,,,,,,,,,,,,
,,,,,,,,,,,,,,
,,,,,,,,,,,,,,
,,,,,,,,,,,,,,
,,,,,,,,,,,,,,
,,,,,,,,,,,,,,
,,,,,,,,,,,,,,
,,,,,,,,,,,,,,
,,,,,,,,,,,,,,
,,,,,,,,,,,,,,
,,,,,,,,,,,,,,
,,,,,,,,,,,,,,
,,,,,,,,,,,,,,
,,,,,,,,,,,,,,
,,,,,,,,,,,,,,
,,,,,,,,,,,,,,
,,,,,,,,,,,,,,
,,,,,,,,,,,,,,
,,,,,,,,,,,,,,
,,,,,,,,,,,,,,
,,,,,,,,,,,,,,
,,,,,,,,,,,,,,
,,,,,,,,,,,,,,
,,,,,,,,,,,,,,
,,,,,,,,,,,,,,
,,,,,,,,,,,,,,
,,,,,,,,,,,,,,
,,,,,,,,,,,,,,
,,,,,,,,,,,,,,
,,,,,,,,,,,,,,
,,,,,,,,,,,,,,
,,,,,,,,,,,,,,
,,,,,,,,,,,,,,
,,,,,,,,,,,,,,
,,,,,,,,,,,,,,
,,,,,,,,,,,,,,
,,,,,,,,,,,,,,
,,,,,,,,,,,,,,
,,,,,,,,,,,,,,
,,,,,,,,,,,,,,
,,,,,,,,,,,,,,
,,,,,,,,,,,,,,
,,,,,,,,,,,,,,
,,,,,,,,,,,,,,
,,,,,,,,,,,,,,
,,,,,,,,,,,,,,
,,,,,,,,,,,,,,
,,,,,,,,,,,,,,
,,,,,,,,,,,,,,
,,,,,,,,,,,,,,
,,,,,,,,,,,,,,
,,,,,,,,,,,,,,
,,,,,,,,,,,,,,
,,,,,,,,,,,,,,
,,,,,,,,,,,,,,
,,,,,,,,,,,,,,
,,,,,,,,,,,,,,
,,,,,,,,,,,,,,
,,,,,,,,,,,,,,
,,,,,,,,,,,,,,
,,,,,,,,,,,,,,
,,,,,,,,,,,,,,
,,,,,,,,,,,,,,
,,,,,,,,,,,,,,
,,,,,,,,,,,,,,
,,,,,,,,,,,,,,
,,,,,,,,,,,,,,
,,,,,,,,,,,,,,
,,,,,,,,,,,,,,
,,,,,,,,,,,,,,
,,,,,,,,,,,,,,
,,,,,,,,,,,,,,
,,,,,,,,,,,,,,
,,,,,,,,,,,,,,
,,,,,,,,,,,,,,
,,,,,,,,,,,,,,
,,,,,,,,,,,,,,
,,,,,,,,,,,,,,
,,,,,,,,,,,,,,
,,,,,,,,,,,,,,
,,,,,,,,,,,,,,
,,,,,,,,,,,,,,
,,,,,,,,,,,,,,
,,,,,,,,,,,,,,
,,,,,,,,,,,,,,
,,,,,,,,,,,,,,
,,,,,,,,,,,,,,
,,,,,,,,,,,,,,
,,,,,,,,,,,,,,
,,,,,,,,,,,,,,
,,,,,,,,,,,,,,
,,,,,,,,,,,,,,
,,,,,,,,,,,,,,
,,,,,,,,,,,,,,
,,,,,,,,,,,,,,
,,,,,,,,,,,,,,
,,,,,,,,,,,,,,
,,,,,,,,,,,,,,
,,,,,,,,,,,,,,
,,,,,,,,,,,,,,
,,,,,,,,,,,,,,
,,,,,,,,,,,,,,
,,,,,,,,,,,,,,
,,,,,,,,,,,,,,
,,,,,,,,,,,,,,
,,,,,,,,,,,,,,
,,,,,,,,,,,,,,
,,,,,,,,,,,,,,
,,,,,,,,,,,,,,
,,,,,,,,,,,,,,
,,,,,,,,,,,,,,
,,,,,,,,,,,,,,
,,,,,,,,,,,,,,
,,,,,,,,,,,,,,
,,,,,,,,,,,,,,
,,,,,,,,,,,,,,
,,,,,,,,,,,,,,
,,,,,,,,,,,,,,
,,,,,,,,,,,,,,
,,,,,,,,,,,,,,
,,,,,,,,,,,,,,
,,,,,,,,,,,,,,
,,,,,,,,,,,,,,
,,,,,,,,,,,,,,
,,,,,,,,,,,,,,
,,,,,,,,,,,,,,
,,,,,,,,,,,,,,
,,,,,,,,,,,,,,
,,,,,,,,,,,,,,
,,,,,,,,,,,,,,
,,,,,,,,,,,,,,
,,,,,,,,,,,,,,
,,,,,,,,,,,,,,
,,,,,,,,,,,,,,
,,,,,,,,,,,,,,
,,,,,,,,,,,,,,
,,,,,,,,,,,,,,
,,,,,,,,,,,,,,
,,,,,,,,,,,,,,
,,,,,,,,,,,,,,
,,,,,,,,,,,,,,
,,,,,,,,,,,,,,
,,,,,,,,,,,,,,
,,,,,,,,,,,,,,
,,,,,,,,,,,,,,
,,,,,,,,,,,,,,
,,,,,,,,,,,,,,
,,,,,,,,,,,,,,
,,,,,,,,,,,,,,
,,,,,,,,,,,,,,
,,,,,,,,,,,,,,
,,,,,,,,,,,,,,
,,,,,,,,,,,,,,
,,,,,,,,,,,,,,
,,,,,,,,,,,,,,
,,,,,,,,,,,,,,
,,,,,,,,,,,,,,
,,,,,,,,,,,,,,
,,,,,,,,,,,,,,
,,,,,,,,,,,,,,
,,,,,,,,,,,,,,
,,,,,,,,,,,,,,
,,,,,,,,,,,,,,
,,,,,,,,,,,,,,
,,,,,,,,,,,,,,
,,,,,,,,,,,,,,
,,,,,,,,,,,,,,
,,,,,,,,,,,,,,
,,,,,,,,,,,,,,
,,,,,,,,,,,,,,
,,,,,,,,,,,,,,
,,,,,,,,,,,,,,
,,,,,,,,,,,,,,
,,,,,,,,,,,,,,
,,,,,,,,,,,,,,
,,,,,,,,,,,,,,
,,,,,,,,,,,,,,
,,,,,,,,,,,,,,
,,,,,,,,,,,,,,
,,,,,,,,,,,,,,
,,,,,,,,,,,,,,
,,,,,,,,,,,,,,
,,,,,,,,,,,,,,
,,,,,,,,,,,,,,
,,,,,,,,,,,,,,
,,,,,,,,,,,,,,
,,,,,,,,,,,,,,
,,,,,,,,,,,,,,
,,,,,,,,,,,,,,
,,,,,,,,,,,,,,
,,,,,,,,,,,,,,
,,,,,,,,,,,,,,
,,,,,,,,,,,,,,
,,,,,,,,,,,,,,
,,,,,,,,,,,,,,
,,,,,,,,,,,,,,
,,,,,,,,,,,,,,
,,,,,,,,,,,,,,
,,,,,,,,,,,,,,
,,,,,,,,,,,,,,
,,,,,,,,,,,,,,
,,,,,,,,,,,,,,
,,,,,,,,,,,,,,
,,,,,,,,,,,,,,
,,,,,,,,,,,,,,
,,,,,,,,,,,,,,
,,,,,,,,,,,,,,
,,,,,,,,,,,,,,
,,,,,,,,,,,,,,
,,,,,,,,,,,,,,
,,,,,,,,,,,,,,
,,,,,,,,,,,,,,
,,,,,,,,,,,,,,
,,,,,,,,,,,,,,
,,,,,,,,,,,,,,
,,,,,,,,,,,,,,
,,,,,,,,,,,,,,
,,,,,,,,,,,,,,
,,,,,,,,,,,,,,
,,,,,,,,,,,,,,
,,,,,,,,,,,,,,
,,,,,,,,,,,,,,
,,,,,,,,,,,,,,
,,,,,,,,,,,,,,
,,,,,,,,,,,,,,
,,,,,,,,,,,,,,
,,,,,,,,,,,,,,
,,,,,,,,,,,,,,
,,,,,,,,,,,,,,
,,,,,,,,,,,,,,
,,,,,,,,,,,,,,
,,,,,,,,,,,,,,
,,,,,,,,,,,,,,
,,,,,,,,,,,,,,
,,,,,,,,,,,,,,
,,,,,,,,,,,,,,
,,,,,,,,,,,,,,
,,,,,,,,,,,,,,
,,,,,,,,,,,,,,
,,,,,,,,,,,,,,
,,,,,,,,,,,,,,
,,,,,,,,,,,,,,
,,,,,,,,,,,,,,
,,,,,,,,,,,,,,
,,,,,,,,,,,,,,
,,,,,,,,,,,,,,
,,,,,,,,,,,,,,
,,,,,,,,,,,,,,
,,,,,,,,,,,,,,
,,,,,,,,,,,,,,
,,,,,,,,,,,,,,
,,,,,,,,,,,,,,
,,,,,,,,,,,,,,
,,,,,,,,,,,,,,
,,,,,,,,,,,,,,
,,,,,,,,,,,,,,
,,,,,,,,,,,,,,
,,,,,,,,,,,,,,
,,,,,,,,,,,,,,
,,,,,,,,,,,,,,
,,,,,,,,,,,,,,
,,,,,,,,,,,,,,
,,,,,,,,,,,,,,
,,,,,,,,,,,,,,
,,,,,,,,,,,,,,
,,,,,,,,,,,,,,
,,,,,,,,,,,,,,
,,,,,,,,,,,,,,
,,,,,,,,,,,,,,
,,,,,,,,,,,,,,
,,,,,,,,,,,,,,
,,,,,,,,,,,,,,
,,,,,,,,,,,,,,
,,,,,,,,,,,,,,
,,,,,,,,,,,,,,
,,,,,,,,,,,,,,
,,,,,,,,,,,,,,
,,,,,,,,,,,,,,
,,,,,,,,,,,,,,
,,,,,,,,,,,,,,
,,,,,,,,,,,,,,
,,,,,,,,,,,,,,
,,,,,,,,,,,,,,
,,,,,,,,,,,,,,
,,,,,,,,,,,,,,
,,,,,,,,,,,,,,
,,,,,,,,,,,,,,
,,,,,,,,,,,,,,
,,,,,,,,,,,,,,
,,,,,,,,,,,,,,
,,,,,,,,,,,,,,
,,,,,,,,,,,,,,
,,,,,,,,,,,,,,
,,,,,,,,,,,,,,
,,,,,,,,,,,,,,
,,,,,,,,,,,,,,
,,,,,,,,,,,,,,
,,,,,,,,,,,,,,
,,,,,,,,,,,,,,
,,,,,,,,,,,,,,
,,,,,,,,,,,,,,
,,,,,,,,,,,,,,
,,,,,,,,,,,,,,
,,,,,,,,,,,,,,
,,,,,,,,,,,,,,
,,,,,,,,,,,,,,
,,,,,,,,,,,,,,
,,,,,,,,,,,,,,
,,,,,,,,,,,,,,
,,,,,,,,,,,,,,
,,,,,,,,,,,,,,
,,,,,,,,,,,,,,
,,,,,,,,,,,,,,
,,,,,,,,,,,,,,
,,,,,,,,,,,,,,
,,,,,,,,,,,,,,
,,,,,,,,,,,,,,
,,,,,,,,,,,,,,
,,,,,,,,,,,,,,
,,,,,,,,,,,,,,
,,,,,,,,,,,,,,
,,,,,,,,,,,,,,
,,,,,,,,,,,,,,
,,,,,,,,,,,,,,
,,,,,,,,,,,,,,
,,,,,,,,,,,,,,
,,,,,,,,,,,,,,
,,,,,,,,,,,,,,
,,,,,,,,,,,,,,
,,,,,,,,,,,,,,
,,,,,,,,,,,,,,
,,,,,,,,,,,,,,
,,,,,,,,,,,,,,
,,,,,,,,,,,,,,
,,,,,,,,,,,,,,
,,,,,,,,,,,,,,
,,,,,,,,,,,,,,
,,,,,,,,,,,,,,
,,,,,,,,,,,,,,
,,,,,,,,,,,,,,
,,,,,,,,,,,,,,
,,,,,,,,,,,,,,
,,,,,,,,,,,,,,
,,,,,,,,,,,,,,
,,,,,,,,,,,,,,
,,,,,,,,,,,,,,
,,,,,,,,,,,,,,
,,,,,,,,,,,,,,
,,,,,,,,,,,,,,
,,,,,,,,,,,,,,
,,,,,,,,,,,,,,
,,,,,,,,,,,,,,
,,,,,,,,,,,,,,
,,,,,,,,,,,,,,
,,,,,,,,,,,,,,
,,,,,,,,,,,,,,
,,,,,,,,,,,,,,
,,,,,,,,,,,,,,
,,,,,,,,,,,,,,
,,,,,,,,,,,,,,
,,,,,,,,,,,,,,
,,,,,,,,,,,,,,
,,,,,,,,,,,,,,
,,,,,,,,,,,,,,
,,,,,,,,,,,,,,
,,,,,,,,,,,,,,
,,,,,,,,,,,,,,
,,,,,,,,,,,,,,
,,,,,,,,,,,,,,
,,,,,,,,,,,,,,
,,,,,,,,,,,,,,
,,,,,,,,,,,,,,
,,,,,,,,,,,,,,
,,,,,,,,,,,,,,
,,,,,,,,,,,,,,
,,,,,,,,,,,,,,
,,,,,,,,,,,,,,
,,,,,,,,,,,,,,
,,,,,,,,,,,,,,
,,,,,,,,,,,,,,
,,,,,,,,,,,,,,
,,,,,,,,,,,,,,
,,,,,,,,,,,,,,
,,,,,,,,,,,,,,
,,,,,,,,,,,,,,
,,,,,,,,,,,,,,
,,,,,,,,,,,,,,
,,,,,,,,,,,,,,
,,,,,,,,,,,,,,
,,,,,,,,,,,,,,
,,,,,,,,,,,,,,
,,,,,,,,,,,,,,
,,,,,,,,,,,,,,
,,,,,,,,,,,,,,
,,,,,,,,,,,,,,
,,,,,,,,,,,,,,
,,,,,,,,,,,,,,
,,,,,,,,,,,,,,
,,,,,,,,,,,,,,
,,,,,,,,,,,,,,
,,,,,,,,,,,,,,
,,,,,,,,,,,,,,
,,,,,,,,,,,,,,
,,,,,,,,,,,,,,
,,,,,,,,,,,,,,
,,,,,,,,,,,,,,
,,,,,,,,,,,,,,
,,,,,,,,,,,,,,
,,,,,,,,,,,,,,
,,,,,,,,,,,,,,
,,,,,,,,,,,,,,
,,,,,,,,,,,,,,
,,,,,,,,,,,,,,
,,,,,,,,,,,,,,
,,,,,,,,,,,,,,
,,,,,,,,,,,,,,
,,,,,,,,,,,,,,
,,,,,,,,,,,,,,
,,,,,,,,,,,,,,
,,,,,,,,,,,,,,
,,,,,,,,,,,,,,
,,,,,,,,,,,,,,
,,,,,,,,,,,,,,
,,,,,,,,,,,,,,
,,,,,,,,,,,,,,
,,,,,,,,,,,,,,
,,,,,,,,,,,,,,
,,,,,,,,,,,,,,
,,,,,,,,,,,,,,
,,,,,,,,,,,,,,
,,,,,,,,,,,,,,
,,,,,,,,,,,,,,
,,,,,,,,,,,,,,
,,,,,,,,,,,,,,
,,,,,,,,,,,,,,
,,,,,,,,,,,,,,
,,,,,,,,,,,,,,
,,,,,,,,,,,,,,
,,,,,,,,,,,,,,
,,,,,,,,,,,,,,
,,,,,,,,,,,,,,
,,,,,,,,,,,,,,
,,,,,,,,,,,,,,
,,,,,,,,,,,,,,
,,,,,,,,,,,,,,
,,,,,,,,,,,,,,
,,,,,,,,,,,,,,
,,,,,,,,,,,,,,
,,,,,,,,,,,,,,
,,,,,,,,,,,,,,
,,,,,,,,,,,,,,
,,,,,,,,,,,,,,
,,,,,,,,,,,,,,
,,,,,,,,,,,,,,
,,,,,,,,,,,,,,
,,,,,,,,,,,,,,
,,,,,,,,,,,,,,
,,,,,,,,,,,,,,
,,,,,,,,,,,,,,
,,,,,,,,,,,,,,
,,,,,,,,,,,,,,
,,,,,,,,,,,,,,
,,,,,,,,,,,,,,
,,,,,,,,,,,,,,
,,,,,,,,,,,,,,
,,,,,,,,,,,,,,
,,,,,,,,,,,,,,
,,,,,,,,,,,,,,
,,,,,,,,,,,,,,
,,,,,,,,,,,,,,
,,,,,,,,,,,,,,
,,,,,,,,,,,,,,
,,,,,,,,,,,,,,
,,,,,,,,,,,,,,
,,,,,,,,,,,,,,
,,,,,,,,,,,,,,
,,,,,,,,,,,,,,
,,,,,,,,,,,,,,
,,,,,,,,,,,,,,
,,,,,,,,,,,,,,
,,,,,,,,,,,,,,
,,,,,,,,,,,,,,
,,,,,,,,,,,,,,
,,,,,,,,,,,,,,
,,,,,,,,,,,,,,
,,,,,,,,,,,,,,
,,,,,,,,,,,,,,
,,,,,,,,,,,,,,
,,,,,,,,,,,,,,
,,,,,,,,,,,,,,
,,,,,,,,,,,,,,
,,,,,,,,,,,,,,
,,,,,,,,,,,,,,
,,,,,,,,,,,,,,
,,,,,,,,,,,,,,
,,,,,,,,,,,,,,
,,,,,,,,,,,,,,
,,,,,,,,,,,,,,
,,,,,,,,,,,,,,
,,,,,,,,,,,,,,
,,,,,,,,,,,,,,
,,,,,,,,,,,,,,
,,,,,,,,,,,,,,
,,,,,,,,,,,,,,
,,,,,,,,,,,,,,
,,,,,,,,,,,,,,
,,,,,,,,,,,,,,
,,,,,,,,,,,,,,
,,,,,,,,,,,,,,
,,,,,,,,,,,,,,
,,,,,,,,,,,,,,
,,,,,,,,,,,,,,
,,,,,,,,,,,,,,
,,,,,,,,,,,,,,
,,,,,,,,,,,,,,
,,,,,,,,,,,,,,
,,,,,,,,,,,,,,
,,,,,,,,,,,,,,
,,,,,,,,,,,,,,
,,,,,,,,,,,,,,
,,,,,,,,,,,,,,
,,,,,,,,,,,,,,
,,,,,,,,,,,,,,
,,,,,,,,,,,,,,
,,,,,,,,,,,,,,
,,,,,,,,,,,,,,
,,,,,,,,,,,,,,
,,,,,,,,,,,,,,
,,,,,,,,,,,,,,
,,,,,,,,,,,,,,
,,,,,,,,,,,,,,
,,,,,,,,,,,,,,
,,,,,,,,,,,,,,
,,,,,,,,,,,,,,
,,,,,,,,,,,,,,
,,,,,,,,,,,,,,
,,,,,,,,,,,,,,
,,,,,,,,,,,,,,
,,,,,,,,,,,,,,
,,,,,,,,,,,,,,
,,,,,,,,,,,,,,
,,,,,,,,,,,,,,
,,,,,,,,,,,,,,
,,,,,,,,,,,,,,
,,,,,,,,,,,,,,
,,,,,,,,,,,,,,
,,,,,,,,,,,,,,
,,,,,,,,,,,,,,
,,,,,,,,,,,,,,
,,,,,,,,,,,,,,
,,,,,,,,,,,,,,
,,,,,,,,,,,,,,
,,,,,,,,,,,,,,
,,,,,,,,,,,,,,
,,,,,,,,,,,,,,
,,,,,,,,,,,,,,
,,,,,,,,,,,,,,
,,,,,,,,,,,,,,
,,,,,,,,,,,,,,
,,,,,,,,,,,,,,
,,,,,,,,,,,,,,
,,,,,,,,,,,,,,
,,,,,,,,,,,,,,
,,,,,,,,,,,,,,
,,,,,,,,,,,,,,
,,,,,,,,,,,,,,
,,,,,,,,,,,,,,
,,,,,,,,,,,,,,
,,,,,,,,,,,,,,
,,,,,,,,,,,,,,
,,,,,,,,,,,,,,
,,,,,,,,,,,,,,
,,,,,,,,,,,,,,
,,,,,,,,,,,,,,
,,,,,,,,,,,,,,
,,,,,,,,,,,,,,
,,,,,,,,,,,,,,
,,,,,,,,,,,,,,
,,,,,,,,,,,,,,
,,,,,,,,,,,,,,
,,,,,,,,,,,,,,
,,,,,,,,,,,,,,
,,,,,,,,,,,,,,
,,,,,,,,,,,,,,
,,,,,,,,,,,,,,
,,,,,,,,,,,,,,
,,,,,,,,,,,,,,
,,,,,,,,,,,,,,
,,,,,,,,,,,,,,
,,,,,,,,,,,,,,
,,,,,,,,,,,,,,
,,,,,,,,,,,,,,
,,,,,,,,,,,,,,
,,,,,,,,,,,,,,
,,,,,,,,,,,,,,
,,,,,,,,,,,,,,
,,,,,,,,,,,,,,
,,,,,,,,,,,,,,
,,,,,,,,,,,,,,
,,,,,,,,,,,,,,
,,,,,,,,,,,,,,
,,,,,,,,,,,,,,
,,,,,,,,,,,,,,
,,,,,,,,,,,,,,
,,,,,,,,,,,,,,
,,,,,,,,,,,,,,
,,,,,,,,,,,,,,
,,,,,,,,,,,,,,
,,,,,,,,,,,,,,
,,,,,,,,,,,,,,
,,,,,,,,,,,,,,
,,,,,,,,,,,,,,
,,,,,,,,,,,,,,
,,,,,,,,,,,,,,
,,,,,,,,,,,,,,
,,,,,,,,,,,,,,
,,,,,,,,,,,,,,
,,,,,,,,,,,,,,
,,,,,,,,,,,,,,
,,,,,,,,,,,,,,
,,,,,,,,,,,,,,
,,,,,,,,,,,,,,
,,,,,,,,,,,,,,
,,,,,,,,,,,,,,
,,,,,,,,,,,,,,
,,,,,,,,,,,,,,
,,,,,,,,,,,,,,
,,,,,,,,,,,,,,
,,,,,,,,,,,,,,
,,,,,,,,,,,,,,
,,,,,,,,,,,,,,
,,,,,,,,,,,,,,
,,,,,,,,,,,,,,
,,,,,,,,,,,,,,
,,,,,,,,,,,,,,
,,,,,,,,,,,,,,
,,,,,,,,,,,,,,
,,,,,,,,,,,,,,
,,,,,,,,,,,,,,
,,,,,,,,,,,,,,
,,,,,,,,,,,,,,
,,,,,,,,,,,,,,
,,,,,,,,,,,,,,
,,,,,,,,,,,,,,
,,,,,,,,,,,,,,
,,,,,,,,,,,,,,
,,,,,,,,,,,,,,
,,,,,,,,,,,,,,
,,,,,,,,,,,,,,
,,,,,,,,,,,,,,
,,,,,,,,,,,,,,
,,,,,,,,,,,,,,
,,,,,,,,,,,,,,
,,,,,,,,,,,,,,
,,,,,,,,,,,,,,
,,,,,,,,,,,,,,
,,,,,,,,,,,,,,
,,,,,,,,,,,,,,
,,,,,,,,,,,,,,
,,,,,,,,,,,,,,
,,,,,,,,,,,,,,
,,,,,,,,,,,,,,
,,,,,,,,,,,,,,
,,,,,,,,,,,,,,
,,,,,,,,,,,,,,
,,,,,,,,,,,,,,
,,,,,,,,,,,,,,
,,,,,,,,,,,,,,
,,,,,,,,,,,,,,
,,,,,,,,,,,,,,
,,,,,,,,,,,,,,
,,,,,,,,,,,,,,
,,,,,,,,,,,,,,
,,,,,,,,,,,,,,
,,,,,,,,,,,,,,
,,,,,,,,,,,,,,
,,,,,,,,,,,,,,
,,,,,,,,,,,,,,
,,,,,,,,,,,,,,
,,,,,,,,,,,,,,
,,,,,,,,,,,,,,
,,,,,,,,,,,,,,
,,,,,,,,,,,,,,
,,,,,,,,,,,,,,
,,,,,,,,,,,,,,
,,,,,,,,,,,,,,
,,,,,,,,,,,,,,
,,,,,,,,,,,,,,
,,,,,,,,,,,,,,
,,,,,,,,,,,,,,
,,,,,,,,,,,,,,
,,,,,,,,,,,,,,
,,,,,,,,,,,,,,
,,,,,,,,,,,,,,
,,,,,,,,,,,,,,
,,,,,,,,,,,,,,
,,,,,,,,,,,,,,
,,,,,,,,,,,,,,
,,,,,,,,,,,,,,
,,,,,,,,,,,,,,
,,,,,,,,,,,,,,
,,,,,,,,,,,,,,
,,,,,,,,,,,,,,
,,,,,,,,,,,,,,
,,,,,,,,,,,,,,
,,,,,,,,,,,,,,
,,,,,,,,,,,,,,
,,,,,,,,,,,,,,
,,,,,,,,,,,,,,
,,,,,,,,,,,,,,
,,,,,,,,,,,,,,
,,,,,,,,,,,,,,
,,,,,,,,,,,,,,
,,,,,,,,,,,,,,
,,,,,,,,,,,,,,
,,,,,,,,,,,,,,
,,,,,,,,,,,,,,
,,,,,,,,,,,,,,
,,,,,,,,,,,,,,
,,,,,,,,,,,,,,
,,,,,,,,,,,,,,
,,,,,,,,,,,,,,
,,,,,,,,,,,,,,
,,,,,,,,,,,,,,
,,,,,,,,,,,,,,
,,,,,,,,,,,,,,
,,,,,,,,,,,,,,
,,,,,,,,,,,,,,
,,,,,,,,,,,,,,
,,,,,,,,,,,,,,
,,,,,,,,,,,,,,
,,,,,,,,,,,,,,
,,,,,,,,,,,,,,
,,,,,,,,,,,,,,
,,,,,,,,,,,,,,
,,,,,,,,,,,,,,
,,,,,,,,,,,,,,
,,,,,,,,,,,,,,
,,,,,,,,,,,,,,
,,,,,,,,,,,,,,
,,,,,,,,,,,,,,
,,,,,,,,,,,,,,
,,,,,,,,,,,,,,
,,,,,,,,,,,,,,
,,,,,,,,,,,,,,
,,,,,,,,,,,,,,
,,,,,,,,,,,,,,
,,,,,,,,,,,,,,
,,,,,,,,,,,,,,
,,,,,,,,,,,,,,
,,,,,,,,,,,,,,
,,,,,,,,,,,,,,
,,,,,,,,,,,,,,
,,,,,,,,,,,,,,
,,,,,,,,,,,,,,
,,,,,,,,,,,,,,
,,,,,,,,,,,,,,
,,,,,,,,,,,,,,
,,,,,,,,,,,,,,
,,,,,,,,,,,,,,
,,,,,,,,,,,,,,
,,,,,,,,,,,,,,
,,,,,,,,,,,,,,
,,,,,,,,,,,,,,
,,,,,,,,,,,,,,
,,,,,,,,,,,,,,
,,,,,,,,,,,,,,
,,,,,,,,,,,,,,
,,,,,,,,,,,,,,
,,,,,,,,,,,,,,
,,,,,,,,,,,,,,
,,,,,,,,,,,,,,
,,,,,,,,,,,,,,
,,,,,,,,,,,,,,
,,,,,,,,,,,,,,
,,,,,,,,,,,,,,
,,,,,,,,,,,,,,
,,,,,,,,,,,,,,
,,,,,,,,,,,,,,
,,,,,,,,,,,,,,
,,,,,,,,,,,,,,
,,,,,,,,,,,,,,
,,,,,,,,,,,,,,
,,,,,,,,,,,,,,
,,,,,,,,,,,,,,
,,,,,,,,,,,,,,
,,,,,,,,,,,,,,
,,,,,,,,,,,,,,
,,,,,,,,,,,,,,
,,,,,,,,,,,,,,
,,,,,,,,,,,,,,
,,,,,,,,,,,,,,
,,,,,,,,,,,,,,
,,,,,,,,,,,,,,
,,,,,,,,,,,,,,
,,,,,,,,,,,,,,
,,,,,,,,,,,,,,
,,,,,,,,,,,,,,
,,,,,,,,,,,,,,
,,,,,,,,,,,,,,
,,,,,,,,,,,,,,
,,,,,,,,,,,,,,
,,,,,,,,,,,,,,
,,,,,,,,,,,,,,
,,,,,,,,,,,,,,
,,,,,,,,,,,,,,
,,,,,,,,,,,,,,
,,,,,,,,,,,,,,
,,,,,,,,,,,,,,
,,,,,,,,,,,,,,
,,,,,,,,,,,,,,
,,,,,,,,,,,,,,
,,,,,,,,,,,,,,
,,,,,,,,,,,,,,
,,,,,,,,,,,,,,
,,,,,,,,,,,,,,
,,,,,,,,,,,,,,
,,,,,,,,,,,,,,
,,,,,,,,,,,,,,
,,,,,,,,,,,,,,
,,,,,,,,,,,,,,
,,,,,,,,,,,,,,
,,,,,,,,,,,,,,
,,,,,,,,,,,,,,
,,,,,,,,,,,,,,
,,,,,,,,,,,,,,
,,,,,,,,,,,,,,
,,,,,,,,,,,,,,
,,,,,,,,,,,,,,
,,,,,,,,,,,,,,
,,,,,,,,,,,,,,
,,,,,,,,,,,,,,
,,,,,,,,,,,,,,
,,,,,,,,,,,,,,
,,,,,,,,,,,,,,
,,,,,,,,,,,,,,
,,,,,,,,,,,,,,
,,,,,,,,,,,,,,
,,,,,,,,,,,,,,
,,,,,,,,,,,,,,
,,,,,,,,,,,,,,
,,,,,,,,,,,,,,
,,,,,,,,,,,,,,
,,,,,,,,,,,,,,
,,,,,,,,,,,,,,
,,,,,,,,,,,,,,
,,,,,,,,,,,,,,
,,,,,,,,,,,,,,
,,,,,,,,,,,,,,
,,,,,,,,,,,,,,
,,,,,,,,,,,,,,
,,,,,,,,,,,,,,
,,,,,,,,,,,,,,
,,,,,,,,,,,,,,
,,,,,,,,,,,,,,
,,,,,,,,,,,,,,
,,,,,,,,,,,,,,
,,,,,,,,,,,,,,
,,,,,,,,,,,,,,
,,,,,,,,,,,,,,
,,,,,,,,,,,,,,
,,,,,,,,,,,,,,
,,,,,,,,,,,,,,
,,,,,,,,,,,,,,
,,,,,,,,,,,,,,
,,,,,,,,,,,,,,
,,,,,,,,,,,,,,
,,,,,,,,,,,,,,
,,,,,,,,,,,,,,
,,,,,,,,,,,,,,
,,,,,,,,,,,,,,
,,,,,,,,,,,,,,
,,,,,,,,,,,,,,
,,,,,,,,,,,,,,
,,,,,,,,,,,,,,
,,,,,,,,,,,,,,
,,,,,,,,,,,,,,
,,,,,,,,,,,,,,
,,,,,,,,,,,,,,
,,,,,,,,,,,,,,
,,,,,,,,,,,,,,
,,,,,,,,,,,,,,
,,,,,,,,,,,,,,
,,,,,,,,,,,,,,
,,,,,,,,,,,,,,
,,,,,,,,,,,,,,
,,,,,,,,,,,,,,
,,,,,,,,,,,,,,
,,,,,,,,,,,,,,
,,,,,,,,,,,,,,
,,,,,,,,,,,,,,
,,,,,,,,,,,,,,
,,,,,,,,,,,,,,
,,,,,,,,,,,,,,
,,,,,,,,,,,,,,
,,,,,,,,,,,,,,
,,,,,,,,,,,,,,
,,,,,,,,,,,,,,
,,,,,,,,,,,,,,
,,,,,,,,,,,,,,
,,,,,,,,,,,,,,
,,,,,,,,,,,,,,
,,,,,,,,,,,,,,
,,,,,,,,,,,,,,
,,,,,,,,,,,,,,
,,,,,,,,,,,,,,
,,,,,,,,,,,,,,
,,,,,,,,,,,,,,
,,,,,,,,,,,,,,
,,,,,,,,,,,,,,
,,,,,,,,,,,,,,
,,,,,,,,,,,,,,
,,,,,,,,,,,,,,
,,,,,,,,,,,,,,
,,,,,,,,,,,,,,
,,,,,,,,,,,,,,
,,,,,,,,,,,,,,
,,,,,,,,,,,,,,
,,,,,,,,,,,,,,
,,,,,,,,,,,,,,
,,,,,,,,,,,,,,
,,,,,,,,,,,,,,
,,,,,,,,,,,,,,
,,,,,,,,,,,,,,
,,,,,,,,,,,,,,
,,,,,,,,,,,,,,
,,,,,,,,,,,,,,
,,,,,,,,,,,,,,
,,,,,,,,,,,,,,
,,,,,,,,,,,,,,
,,,,,,,,,,,,,,
,,,,,,,,,,,,,,
,,,,,,,,,,,,,,
,,,,,,,,,,,,,,
,,,,,,,,,,,,,,
,,,,,,,,,,,,,,
,,,,,,,,,,,,,,
,,,,,,,,,,,,,,
,,,,,,,,,,,,,,
,,,,,,,,,,,,,,
,,,,,,,,,,,,,,
,,,,,,,,,,,,,,
,,,,,,,,,,,,,,
,,,,,,,,,,,,,,
,,,,,,,,,,,,,,
,,,,,,,,,,,,,,
,,,,,,,,,,,,,,
,,,,,,,,,,,,,,
,,,,,,,,,,,,,,
,,,,,,,,,,,,,,
,,,,,,,,,,,,,,
,,,,,,,,,,,,,,
,,,,,,,,,,,,,,
,,,,,,,,,,,,,,
,,,,,,,,,,,,,,
,,,,,,,,,,,,,,
,,,,,,,,,,,,,,
,,,,,,,,,,,,,,
,,,,,,,,,,,,,,
,,,,,,,,,,,,,,
,,,,,,,,,,,,,,
,,,,,,,,,,,,,,
,,,,,,,,,,,,,,
,,,,,,,,,,,,,,
,,,,,,,,,,,,,,
,,,,,,,,,,,,,,
,,,,,,,,,,,,,,
,,,,,,,,,,,,,,
,,,,,,,,,,,,,,
,,,,,,,,,,,,,,
,,,,,,,,,,,,,,
,,,,,,,,,,,,,,
,,,,,,,,,,,,,,
,,,,,,,,,,,,,,
,,,,,,,,,,,,,,
,,,,,,,,,,,,,,
,,,,,,,,,,,,,,
,,,,,,,,,,,,,,
,,,,,,,,,,,,,,
,,,,,,,,,,,,,,
,,,,,,,,,,,,,,
,,,,,,,,,,,,,,
,,,,,,,,,,,,,,
,,,,,,,,,,,,,,
,,,,,,,,,,,,,,
,,,,,,,,,,,,,,
,,,,,,,,,,,,,,
,,,,,,,,,,,,,,
,,,,,,,,,,,,,,
,,,,,,,,,,,,,,
,,,,,,,,,,,,,,
,,,,,,,,,,,,,,
,,,,,,,,,,,,,,
,,,,,,,,,,,,,,
,,,,,,,,,,,,,,
,,,,,,,,,,,,,,
,,,,,,,,,,,,,,
,,,,,,,,,,,,,,
,,,,,,,,,,,,,,
,,,,,,,,,,,,,,
,,,,,,,,,,,,,,
,,,,,,,,,,,,,,
,,,,,,,,,,,,,,
,,,,,,,,,,,,,,
,,,,,,,,,,,,,,
,,,,,,,,,,,,,,
,,,,,,,,,,,,,,
,,,,,,,,,,,,,,
,,,,,,,,,,,,,,
,,,,,,,,,,,,,,
,,,,,,,,,,,,,,
,,,,,,,,,,,,,,
,,,,,,,,,,,,,,
,,,,,,,,,,,,,,
,,,,,,,,,,,,,,
,,,,,,,,,,,,,,
,,,,,,,,,,,,,,
,,,,,,,,,,,,,,
,,,,,,,,,,,,,,
,,,,,,,,,,,,,,
,,,,,,,,,,,,,,
,,,,,,,,,,,,,,
,,,,,,,,,,,,,,
,,,,,,,,,,,,,,
,,,,,,,,,,,,,,
,,,,,,,,,,,,,,
,,,,,,,,,,,,,,
,,,,,,,,,,,,,,
,,,,,,,,,,,,,,
,,,,,,,,,,,,,,
,,,,,,,,,,,,,,
,,,,,,,,,,,,,,
,,,,,,,,,,,,,,
,,,,,,,,,,,,,,
,,,,,,,,,,,,,,
,,,,,,,,,,,,,,
,,,,,,,,,,,,,,
,,,,,,,,,,,,,,
,,,,,,,,,,,,,,
,,,,,,,,,,,,,,
,,,,,,,,,,,,,,
,,,,,,,,,,,,,,
,,,,,,,,,,,,,,
,,,,,,,,,,,,,,
,,,,,,,,,,,,,,
,,,,,,,,,,,,,,
,,,,,,,,,,,,,,
,,,,,,,,,,,,,,
,,,,,,,,,,,,,,
,,,,,,,,,,,,,,
,,,,,,,,,,,,,,
,,,,,,,,,,,,,,
,,,,,,,,,,,,,,
,,,,,,,,,,,,,,
,,,,,,,,,,,,,,
,,,,,,,,,,,,,,
,,,,,,,,,,,,,,
,,,,,,,,,,,,,,
,,,,,,,,,,,,,,
,,,,,,,,,,,,,,
,,,,,,,,,,,,,,
,,,,,,,,,,,,,,
,,,,,,,,,,,,,,
,,,,,,,,,,,,,,
,,,,,,,,,,,,,,
,,,,,,,,,,,,,,
,,,,,,,,,,,,,,
,,,,,,,,,,,,,,
,,,,,,,,,,,,,,
,,,,,,,,,,,,,,
,,,,,,,,,,,,,,
,,,,,,,,,,,,,,
,,,,,,,,,,,,,,
,,,,,,,,,,,,,,
,,,,,,,,,,,,,,
,,,,,,,,,,,,,,
,,,,,,,,,,,,,,
,,,,,,,,,,,,,,
,,,,,,,,,,,,,,
,,,,,,,,,,,,,,
,,,,,,,,,,,,,,
,,,,,,,,,,,,,,
,,,,,,,,,,,,,,
,,,,,,,,,,,,,,
,,,,,,,,,,,,,,
,,,,,,,,,,,,,,
,,,,,,,,,,,,,,
,,,,,,,,,,,,,,
,,,,,,,,,,,,,,
,,,,,,,,,,,,,,
,,,,,,,,,,,,,,
,,,,,,,,,,,,,,
,,,,,,,,,,,,,,
,,,,,,,,,,,,,,
,,,,,,,,,,,,,,
,,,,,,,,,,,,,,
,,,,,,,,,,,,,,
,,,,,,,,,,,,,,
,,,,,,,,,,,,,,
,,,,,,,,,,,,,,
,,,,,,,,,,,,,,
,,,,,,,,,,,,,,
,,,,,,,,,,,,,,
,,,,,,,,,,,,,,
,,,,,,,,,,,,,,
,,,,,,,,,,,,,,
,,,,,,,,,,,,,,
,,,,,,,,,,,,,,
,,,,,,,,,,,,,,
,,,,,,,,,,,,,,
,,,,,,,,,,,,,,
,,,,,,,,,,,,,,
,,,,,,,,,,,,,,
,,,,,,,,,,,,,,
,,,,,,,,,,,,,,
,,,,,,,,,,,,,,
,,,,,,,,,,,,,,
,,,,,,,,,,,,,,
,,,,,,,,,,,,,,
,,,,,,,,,,,,,,
,,,,,,,,,,,,,,
,,,,,,,,,,,,,,
,,,,,,,,,,,,,,
,,,,,,,,,,,,,,
,,,,,,,,,,,,,,
,,,,,,,,,,,,,,
,,,,,,,,,,,,,,
,,,,,,,,,,,,,,
,,,,,,,,,,,,,,
,,,,,,,,,,,,,,
,,,,,,,,,,,,,,
,,,,,,,,,,,,,,
,,,,,,,,,,,,,,
,,,,,,,,,,,,,,
,,,,,,,,,,,,,,
,,,,,,,,,,,,,,
,,,,,,,,,,,,,,
,,,,,,,,,,,,,,
,,,,,,,,,,,,,,
,,,,,,,,,,,,,,
,,,,,,,,,,,,,,
,,,,,,,,,,,,,,
,,,,,,,,,,,,,,
,,,,,,,,,,,,,,
,,,,,,,,,,,,,,
,,,,,,,,,,,,,,
,,,,,,,,,,,,,,
,,,,,,,,,,,,,,
,,,,,,,,,,,,,,
,,,,,,,,,,,,,,
,,,,,,,,,,,,,,
,,,,,,,,,,,,,,
,,,,,,,,,,,,,,
,,,,,,,,,,,,,,
,,,,,,,,,,,,,,
,,,,,,,,,,,,,,
,,,,,,,,,,,,,,
,,,,,,,,,,,,,,
,,,,,,,,,,,,,,
,,,,,,,,,,,,,,
,,,,,,,,,,,,,,
,,,,,,,,,,,,,,
,,,,,,,,,,,,,,
,,,,,,,,,,,,,,
,,,,,,,,,,,,,,
,,,,,,,,,,,,,,
,,,,,,,,,,,,,,
,,,,,,,,,,,,,,
,,,,,,,,,,,,,,
,,,,,,,,,,,,,,
,,,,,,,,,,,,,,
,,,,,,,,,,,,,,
,,,,,,,,,,,,,,
,,,,,,,,,,,,,,
,,,,,,,,,,,,,,
,,,,,,,,,,,,,,
,,,,,,,,,,,,,,
,,,,,,,,,,,,,,
,,,,,,,,,,,,,,
,,,,,,,,,,,,,,
,,,,,,,,,,,,,,
,,,,,,,,,,,,,,
,,,,,,,,,,,,,,
,,,,,,,,,,,,,,
,,,,,,,,,,,,,,
,,,,,,,,,,,,,,
,,,,,,,,,,,,,,
,,,,,,,,,,,,,,
,,,,,,,,,,,,,,
,,,,,,,,,,,,,,
,,,,,,,,,,,,,,
,,,,,,,,,,,,,,
,,,,,,,,,,,,,,
,,,,,,,,,,,,,,
,,,,,,,,,,,,,,
,,,,,,,,,,,,,,
,,,,,,,,,,,,,,
,,,,,,,,,,,,,,
,,,,,,,,,,,,,,
,,,,,,,,,,,,,,
,,,,,,,,,,,,,,
,,,,,,,,,,,,,,
,,,,,,,,,,,,,,
,,,,,,,,,,,,,,
,,,,,,,,,,,,,,
,,,,,,,,,,,,,,
,,,,,,,,,,,,,,
,,,,,,,,,,,,,,
,,,,,,,,,,,,,,
,,,,,,,,,,,,,,
,,,,,,,,,,,,,,
,,,,,,,,,,,,,,
,,,,,,,,,,,,,,
,,,,,,,,,,,,,,
,,,,,,,,,,,,,,
,,,,,,,,,,,,,,
,,,,,,,,,,,,,,
,,,,,,,,,,,,,,
,,,,,,,,,,,,,,
,,,,,,,,,,,,,,
,,,,,,,,,,,,,,
,,,,,,,,,,,,,,
,,,,,,,,,,,,,,
,,,,,,,,,,,,,,
,,,,,,,,,,,,,,
,,,,,,,,,,,,,,
,,,,,,,,,,,,,,
,,,,,,,,,,,,,,
,,,,,,,,,,,,,,
,,,,,,,,,,,,,,
,,,,,,,,,,,,,,
,,,,,,,,,,,,,,
,,,,,,,,,,,,,,
,,,,,,,,,,,,,,
,,,,,,,,,,,,,,
,,,,,,,,,,,,,,
,,,,,,,,,,,,,,
,,,,,,,,,,,,,,
,,,,,,,,,,,,,,
,,,,,,,,,,,,,,
,,,,,,,,,,,,,,
,,,,,,,,,,,,,,
,,,,,,,,,,,,,,
,,,,,,,,,,,,,,
,,,,,,,,,,,,,,
,,,,,,,,,,,,,,
,,,,,,,,,,,,,,
,,,,,,,,,,,,,,
,,,,,,,,,,,,,,
,,,,,,,,,,,,,,
,,,,,,,,,,,,,,
,,,,,,,,,,,,,,
,,,,,,,,,,,,,,
,,,,,,,,,,,,,,
,,,,,,,,,,,,,,
,,,,,,,,,,,,,,
,,,,,,,,,,,,,,
,,,,,,,,,,,,,,
,,,,,,,,,,,,,,
,,,,,,,,,,,,,,
,,,,,,,,,,,,,,
,,,,,,,,,,,,,,
,,,,,,,,,,,,,,
,,,,,,,,,,,,,,
,,,,,,,,,,,,,,
,,,,,,,,,,,,,,
,,,,,,,,,,,,,,
,,,,,,,,,,,,,,
,,,,,,,,,,,,,,
